date,open,close,returns
2019-04-01,0.06973497570164655,0.0720194544693314,0.03275944021919137
2019-04-02,0.07202924696943168,0.08614420370257937,0.19596146464141026
2019-04-03,0.08632261081254021,0.09117510682737229,0.056213499211346246
2019-04-04,0.09129083831541035,0.08717071422762919,-0.045131846347451744
2019-04-05,0.08805215638660487,0.0910228840069799,0.0337382722046199
2019-04-06,0.09092372047848535,0.08992022212110258,-0.011036705846415718
2019-04-07,0.08986755730852666,0.09036155533669062,0.005496956220452228
2019-04-08,0.08997883595669404,0.08692092809570857,-0.033984745729064604
2019-04-09,0.08665061152770562,0.08353276345669199,-0.035981835742921825
2019-04-10,0.08349342821016725,0.08969319928419854,0.0742545995168075
2019-04-11,0.09000721193454884,0.08324696889611073,-0.07510779295501348
2019-04-12,0.0833940691423007,0.083000648027963,-0.004717615034066477
2019-04-13,0.08298479391141729,0.08311078324342153,0.0015182219062774896
2019-04-14,0.08313780986317323,0.08456848991411796,0.01720853668504514
2019-04-15,0.0847158092986754,0.08172977997401445,-0.035247604306456654
2019-04-16,0.08163621308844356,0.08324885744449351,0.019754031881694868
2019-04-17,0.08332720976802416,0.08286499848022931,-0.0055469430583551796
2019-04-18,0.08282052508789672,0.08154281117939374,-0.01542750311166168
2019-04-19,0.08148163947121348,0.07932506815389764,-0.0264669603030966
2019-04-20,0.07938179015074588,0.07631971558746777,-0.038574017510353976
2019-04-21,0.07633405695246588,0.0737555727928691,-0.033778948251138266
2019-04-22,0.0738547544074961,0.07829900646631112,0.06017557155892371
2019-04-23,0.07836167953087819,0.07413494327037472,-0.053938816597696095
2019-04-24,0.07389083190362379,0.07257510808771855,-0.017806320243103267
2019-04-25,0.07241259824291162,0.06845107728890662,-0.05470762063689359
2019-04-26,0.06830046329217575,0.067783133794637,-0.007574319010483295
2019-04-27,0.0676730789241884,0.06886724305864347,0.017646073644629744
2019-04-28,0.0689311557283947,0.06695139312112881,-0.0287208677461702
2019-04-29,0.06682557148832231,0.06368259063830142,-0.047032607129594436
2019-04-30,0.06411051353111069,0.06938701808240497,0.08230326448303622
2019-05-01,0.06938701808240497,0.06938701808240497,0.0
2019-05-02,0.06811633379261146,0.0671997778097071,-0.013455744486996843
2019-05-03,0.0671654150069166,0.06862230886672266,0.021691131658399365
2019-05-04,0.06859187108234044,0.06626891990891483,-0.03386627506686685
2019-05-05,0.06628663953704755,0.06537042747323701,-0.013821971821312038
2019-05-06,0.06532423003636555,0.06623681740175874,0.013970120503298137
2019-05-07,0.06626844199664379,0.06317420085583972,-0.04669252886556144
2019-05-08,0.06257269104448257,0.0641481669786671,0.02517833111995345
2019-05-09,0.0642742318336505,0.061192231167993875,-0.047950797352712245
2019-05-10,0.06125422195961895,0.06293232878129541,0.027395774005304185
2019-05-11,0.06265635998923222,0.07581645395993339,0.2100360437944814
2019-05-12,0.07535857370927407,0.07031141412330788,-0.06697525361132273
2019-05-13,0.07019680769343684,0.07285632317739733,0.037886558824371634
2019-05-14,0.07285014004358834,0.08493477458480803,0.1658834771489678
2019-05-15,0.08517745785097382,0.0943159789359411,0.10728802332837879
2019-05-16,0.09477327843739021,0.08801599264481658,-0.07129948339855816
2019-05-17,0.08802702077623238,0.08345494592500115,-0.05193944780720911
2019-05-18,0.0830189059347992,0.078861015034677,-0.050083662911526335
2019-05-19,0.07876265678757077,0.08674178796622467,0.10130601866534615
2019-05-20,0.08648466925867677,0.08513051261392185,-0.015657765201189878
2019-05-21,0.08506328485481385,0.08444520663540922,-0.007266098651839797
2019-05-22,0.08439324639066467,0.07746078773694082,-0.08214470885066821
2019-05-23,0.07714967531546212,0.08057480023209876,0.04439584356812179
2019-05-24,0.0806621233180973,0.08093441542396979,0.0033757121021805968
2019-05-25,0.08064211346500992,0.08056560688668192,-0.0009487174261770342
2019-05-26,0.08054839342607269,0.0864978135224274,0.07386143712245596
2019-05-27,0.08653161981566,0.09085821709263946,0.05000018821092786
2019-05-28,0.09060719590342876,0.09288594646864973,0.025149774722635805
2019-05-29,0.09257303975648219,0.09091636131995966,-0.01789590620423081
2019-05-30,0.09128574254318246,0.08407739326337596,-0.07896467815219459
2019-05-31,0.08386332174903578,0.08919193701106011,0.06353928214256065
2019-06-01,0.08902601016447609,0.09058913980181044,0.017558123007494743
2019-06-02,0.09072823236632928,0.09655859066865131,0.06426178654931866
2019-06-03,0.09650376901431962,0.08774058135165093,-0.09080668819648248
2019-06-04,0.0862948698126677,0.08241306462461441,-0.04498303545135486
2019-06-05,0.08236868590959204,0.08275717666203052,0.004716485981880125
2019-06-06,0.08245093423889734,0.08310907685112183,0.00798223353440192
2019-06-07,0.08346339844214669,0.08542730243856828,0.02353012258161142
2019-06-08,0.08516449337427268,0.08398442155613337,-0.013856382764507805
2019-06-09,0.08384868900650429,0.07895130648932464,-0.05840738329015202
2019-06-10,0.07868962172768051,0.08547646388871846,0.08624824992201674
2019-06-11,0.08571671819937576,0.08777800731529956,0.024047690569875362
2019-06-12,0.08775014970790083,0.09653559355430097,0.10011884738253742
2019-06-13,0.09652264127578288,0.08968606620568904,-0.0708287193525971
2019-06-14,0.08995402286948292,0.09057962510158128,0.006954688763681675
2019-06-15,0.09049886119055191,0.09162666964075454,0.012462128643010774
2019-06-16,0.09179217464612427,0.09217386472622799,0.004158198469261729
2019-06-17,0.09218134546063185,0.09344623793668035,0.01372178361823431
2019-06-18,0.09362894526486179,0.08902819309197771,-0.04913813949168461
2019-06-19,0.08916097359390013,0.08984280685988093,0.007647216472605305
2019-06-20,0.08975814316456904,0.08744355564348313,-0.025786936309969918
2019-06-21,0.0874764326936395,0.08979997078972266,0.026561875290693034
2019-06-22,0.0893031657916094,0.09418028972857866,0.05461311358603018
2019-06-23,0.09412385925688746,0.09631299129952325,0.023257992818389514
2019-06-24,0.09628990979244896,0.09800655088340467,0.01782783985005171
2019-06-25,0.09779648877477264,0.09568057224776025,-0.021635915087763403
2019-06-26,0.09583563157468074,0.09622712686739192,0.004085070305047286
2019-06-27,0.09687203752859323,0.08511072619879076,-0.12141079747941656
2019-06-28,0.08491596368649125,0.08824213580931209,0.03917016281062331
2019-06-29,0.08807482143662368,0.08979311206659212,0.019509442107752357
2019-06-30,0.0899128776749592,0.08136979247591493,-0.09501514599419308
2019-07-01,0.08156752296882888,0.08314966022443702,0.01939665688037086
2019-07-02,0.08316362214742339,0.08042909839084121,-0.03288124886786087
2019-07-03,0.08063045069110125,0.08271568473628343,0.025861619615284114
2019-07-04,0.08256434119422772,0.07731548741942727,-0.06357288992899279
2019-07-05,0.07738461123316501,0.0763793050363603,-0.012991035049276841
2019-07-06,0.07658096668938527,0.0772658397865765,0.008943124209558439
2019-07-07,0.07745513558770584,0.08016514332607289,0.03498809624183523
2019-07-08,0.08022088287767405,0.0805300409736607,0.0038538356210573886
2019-07-09,0.08042082554524221,0.07816519260849929,-0.02804787095195857
2019-07-10,0.07799661305104971,0.07162962770908136,-0.08163156184488524
2019-07-11,0.07156656090393118,0.06523797468211849,-0.08842937458330569
2019-07-12,0.06514412472648433,0.06959483621798955,0.06832099610198286
2019-07-13,0.06961090465628578,0.06672326144963583,-0.04148262719624334
2019-07-14,0.06691051185556667,0.059280362795453276,-0.11403513212668084
2019-07-15,0.059154084012577976,0.05899324899401202,-0.0027189165591975165
2019-07-16,0.05914898908129186,0.05174517734430866,-0.12517224473283414
2019-07-17,0.05181016535361294,0.05506481424505789,0.06281873198495755
2019-07-18,0.05506481424505789,0.05506481424505789,0.0
2019-07-19,0.058506232864654346,0.05987580031537207,0.023408915318236558
2019-07-20,0.059883210238963404,0.06284865477598404,0.04952046700881702
2019-07-21,0.06275418866425449,0.0611693637643666,-0.02525448792537126
2019-07-22,0.06133794801183898,0.059363575569316526,-0.03218843320518928
2019-07-23,0.059266243016100256,0.05558812817160133,-0.06206087407126059
2019-07-24,0.05554745514541613,0.05899564496804875,0.06207646801470381
2019-07-25,0.05867895965801358,0.05851965854744751,-0.0027147909829091294
2019-07-26,0.058441684138652965,0.06272417308753539,0.07327798662889685
2019-07-27,0.06273749597967718,0.059837592007408826,-0.04622281981428984
2019-07-28,0.05980510186051452,0.05921102240462628,-0.009933591573405108
2019-07-29,0.05954683962959326,0.06023243965190471,0.01151362568653815
2019-07-30,0.06017271032823542,0.05976514235622716,-0.006773302545041187
2019-07-31,0.05982848474849114,0.06010916038399791,0.00469133785832428
2019-08-01,0.06020729921908746,0.05879350702616124,-0.023482072958987795
2019-08-02,0.058755937666198875,0.05746291288166673,-0.022006708358191955
2019-08-03,0.05735276669761101,0.05777226025495657,0.0073142688923328305
2019-08-04,0.057777954610566444,0.0563152202723591,-0.025316478370797833
2019-08-05,0.05631039360274056,0.056438387617240626,0.0022730086989453725
2019-08-06,0.05630427852546627,0.05337343014984811,-0.052053741782563466
2019-08-07,0.053276263258910384,0.05188425229157411,-0.026128164442979412
2019-08-08,0.051966691365748094,0.05200518201337126,0.0007406792045362972
2019-08-09,0.052052549822715136,0.04753329734553474,-0.08682096251907806
2019-08-10,0.047791818727449815,0.05171617356890136,0.08211352792057575
2019-08-11,0.05184411998115865,0.05490502450211217,0.059040533855448274
2019-08-12,0.05474976913241619,0.052937389335168485,-0.03310296693424112
2019-08-13,0.053020966007065594,0.05253871070197171,-0.00909555863296825
2019-08-14,0.052867823888710634,0.04701162644089128,-0.1107705408898035
2019-08-15,0.0471775916707724,0.04738013887153637,0.004293292505845628
2019-08-16,0.047247632324343786,0.04681113024375509,-0.009238602213804292
2019-08-17,0.04675210677119732,0.04736242534321679,0.013054354427413001
2019-08-18,0.04742341003035321,0.050700034531653455,0.06909297537235407
2019-08-19,0.05066709377685335,0.05012662656562217,-0.010667026090177825
2019-08-20,0.05009413926550007,0.04909601122856059,-0.019925046154588646
2019-08-21,0.04912260135117226,0.04719824474233529,-0.03917456640946085
2019-08-22,0.04739594861596642,0.049351022009416844,0.04124979983609433
2019-08-23,0.04926080329408172,0.04985838144087474,0.012130905442721652
2019-08-24,0.049744056898888715,0.050197409228071595,0.009113698348013255
2019-08-25,0.050240538269304615,0.04957319465032052,-0.013282971121983777
2019-08-26,0.049423208376118695,0.04955862479553909,0.002739935829132186
2019-08-27,0.04957538785139111,0.049848200652836516,0.00550298874641587
2019-08-28,0.04983374166333589,0.04588558449719909,-0.0792265849273279
2019-08-29,0.04574631575028076,0.04448073560130974,-0.027665181954314017
2019-08-30,0.044651974436415366,0.04470910681321569,0.0012795039305972529
2019-08-31,0.044726876689785595,0.04484114782930862,0.002554865172356661
2019-09-01,0.04468890350463115,0.044517433432217576,-0.0038369720213834624
2019-09-02,0.044419206073943646,0.04548306426695988,0.023950409902537547
2019-09-03,0.04551405476158068,0.046733182314244434,0.026785738142865823
2019-09-04,0.046691082129314436,0.04548627205307156,-0.025803858494991876
2019-09-05,0.045469279496443485,0.04442314711476574,-0.023007454555323877
2019-09-06,0.04443735688793061,0.0443494572643046,-0.0019780569723732004
2019-09-07,0.04432910040869,0.046078752018433956,0.0394695943209568
2019-09-08,0.04610610190759719,0.0466440612659352,0.011667856012120746
2019-09-09,0.046568812951013484,0.046808061887494846,0.005137535645004138
2019-09-10,0.04678157439550358,0.04639318763810162,-0.00830213096546165
2019-09-11,0.04633366330704956,0.044885281701023606,-0.03125981203833677
2019-09-12,0.04493615091962407,0.04543552855978349,0.011113048846854783
2019-09-13,0.04548033717205094,0.045801303511592804,0.007057255057887069
2019-09-14,0.04587772562292849,0.046579140111116364,0.015288780746300287
2019-09-15,0.04656649983561167,0.04667470994074384,0.0023237757940616733
2019-09-16,0.046689977291721176,0.047062894352355666,0.00798709021219881
2019-09-17,0.04706166487181758,0.0489005339347194,0.039073608379779426
2019-09-18,0.04886204092420258,0.05313184193976917,0.08738482746126258
2019-09-19,0.053055329844650403,0.05242938445009721,-0.011797973858347539
2019-09-20,0.05256532211032026,0.05229405823979565,-0.005160510002303339
2019-09-21,0.052572034064210627,0.0517715231153812,-0.015226935063073611
2019-09-22,0.051758797752108135,0.04886169963371214,-0.05597305664384363
2019-09-23,0.04888903668019519,0.046021322541939615,-0.058657611869396414
2019-09-24,0.046272468489402856,0.03747134701123031,-0.19020211727386327
2019-09-25,0.03752626906311154,0.039117403538433446,0.04240055073543133
2019-09-26,0.039288600499138675,0.03809096919050825,-0.030482921086911204
2019-09-27,0.038167141533919494,0.03925184571900923,0.028419843391356604
2019-09-28,0.03923846312430941,0.03828184171701914,-0.02437968592856566
2019-09-29,0.03878287558641343,0.037229596222136195,-0.040050649695026454
2019-09-30,0.037234984950012366,0.038988273708453335,0.04708713487583634
2019-10-01,0.038995093685314564,0.03835528303195576,-0.01640746547557989
2019-10-02,0.03831172310341448,0.03934965960507443,0.027091877304976874
2019-10-03,0.039459512675284525,0.038279971901811705,-0.029892431342965518
2019-10-04,0.03829033061759563,0.03940110336181691,0.029009223119918486
2019-10-05,0.03946583757090614,0.0397364653538708,0.00685726693316564
2019-10-06,0.039745558765664324,0.03887872643673616,-0.021809539376183226
2019-10-07,0.038795793341113056,0.04135496452263059,0.06596517202305814
2019-10-08,0.04152832072277304,0.04131450897945488,-0.005148576672422886
2019-10-09,0.04126240965880559,0.04257861192517535,0.031898337427534874
2019-10-10,0.04261565892347465,0.041744591065166106,-0.020440088932397606
2019-10-11,0.041794908295077524,0.04014546718274338,-0.03946512098289278
2019-10-12,0.04006289108715307,0.04039750139291612,0.008352125787306075
2019-10-13,0.040444728028198984,0.04122382256952993,0.019263191503914773
2019-10-14,0.04133730196808263,0.04174745725942902,0.00992215920775582
2019-10-15,0.04181850303779496,0.03960772052842862,-0.052866132184795536
2019-10-16,0.03951191447416195,0.03849234964261599,-0.025803984573126226
2019-10-17,0.03841967583278075,0.039370356461655785,0.02474462910652386
2019-10-18,0.03934885722332734,0.03801509308176791,-0.0338958799740879
2019-10-19,0.03805051937259413,0.03904270573802283,0.026075501249092598
2019-10-20,0.039019900993002433,0.039507098849378135,0.01248588140864509
2019-10-21,0.03945963018669214,0.039226938405877085,-0.005896957972341425
2019-10-22,0.039117582962261255,0.038583472817217385,-0.01365396593033761
2019-10-23,0.03853156379809487,0.036358733236111024,-0.056390925978749944
2019-10-24,0.03636669307053816,0.03738373509917054,0.027966304955462745
2019-10-25,0.03736940549648649,0.041243047820685226,0.10365812013153212
2019-10-26,0.041347685792056124,0.04060926044624367,-0.017858928055275225
2019-10-27,0.04064627673767593,0.04234044375273984,0.04168074301116862
2019-10-28,0.04242192942209406,0.04221392138565139,-0.004903313905716339
2019-10-29,0.04222067792239492,0.04352225370092088,0.03082792230191949
2019-10-30,0.04346529045265891,0.04177650340058787,-0.038853693015359354
2019-10-31,0.04181130576482373,0.04132001447892265,-0.011750201934961181
2019-11-01,0.04131580869741291,0.04223841379194759,0.02233055877694721
2019-11-02,0.042319254754033094,0.042436439097505455,0.002769054988171623
2019-11-03,0.04247977533911821,0.04172948153463331,-0.01766237694279849
2019-11-04,0.04174923544853336,0.04328214852280589,0.03671715320780516
2019-11-05,0.04334134199987639,0.04417457214804825,0.01922483498951734
2019-11-06,0.044237356817379885,0.04483733267863592,0.013562651668652975
2019-11-07,0.044799544456790075,0.04341333968735801,-0.030942385380036172
2019-11-08,0.043360700100184967,0.042082912924520266,-0.029468785621827396
2019-11-09,0.04212076228843025,0.04237520949486674,0.006040897472227906
2019-11-10,0.042358876070989926,0.043822792958750786,0.03455986143984223
2019-11-11,0.04390264810402359,0.043088051348011344,-0.018554615523011936
2019-11-12,0.04304370093500738,0.043598449501005686,0.012888031325092874
2019-11-13,0.0436945785708614,0.04319516199493613,-0.011429714904226453
2019-11-14,0.04323662686180702,0.042712208793453825,-0.012129023617622687
2019-11-15,0.04258682178559608,0.043883255282432865,0.030442128397458218
2019-11-16,0.043966432463239655,0.04383711333918969,-0.0029413149260652713
2019-11-17,0.04387195864566759,0.04499218491463108,0.025533992635501105
2019-11-18,0.0449834389195414,0.0430893458365068,-0.04210645358667277
2019-11-19,0.04300849971126599,0.04217139976150439,-0.01946359336832017
2019-11-20,0.04207749140809835,0.04081272667855234,-0.03005798794608246
2019-11-21,0.040837902863069785,0.037597660403582506,-0.0793439974219996
2019-11-22,0.038327539484502786,0.037083256035761,-0.03246447503484784
2019-11-23,0.0371516553543685,0.038017074945484695,0.02329424040090413
2019-11-24,0.03811529993342618,0.035021769684649935,-0.08116242700908925
2019-11-25,0.03485007513484767,0.035958145041001595,0.03179533765325896
2019-11-26,0.03587612720499193,0.036723099502184844,0.023608242114691435
2019-11-27,0.036656582685008134,0.03908215263323221,0.06617010562787926
2019-11-28,0.039117961177602086,0.039125334079382845,0.0001884786823956779
2019-11-29,0.03904452514998958,0.041340415028918505,0.05880183892899867
2019-11-30,0.04124773536852304,0.04042023799304332,-0.020061643823267927
2019-12-01,0.04034772370835306,0.03961753136161333,-0.018097485548820746
2019-12-02,0.0396473444378496,0.03802746164765092,-0.040857283461644626
2019-12-03,0.03810217920411495,0.03778704074354243,-0.008270877602152555
2019-12-04,0.03776645064730675,0.037139033364154216,-0.016613085752004007
2019-12-05,0.03706848246041849,0.037636180490287455,0.015314844099030802
2019-12-06,0.03760479561345051,0.03832577933426156,0.019172653621687793
2019-12-07,0.03836874267741192,0.0385239284822485,0.004044589267396923
2019-12-08,0.038493330368308244,0.03876462781608224,0.007047907914908702
2019-12-09,0.03877095295053169,0.037226660294325475,-0.03983117614304188
2019-12-10,0.03712084653915875,0.03631964243690352,-0.02158367001167504
2019-12-11,0.036303009763629254,0.03657968114116405,0.007621169135457795
2019-12-12,0.036905974400061124,0.03645325859643236,-0.012266734884745849
2019-12-13,0.036480412754045136,0.037131617273705696,0.017850799113788843
2019-12-14,0.03725368285896679,0.036201363589177735,-0.028247388956761002
2019-12-15,0.03622576155928166,0.03642210810015046,0.0054200804183920275
2019-12-16,0.03644343547948132,0.03404856300600234,-0.06571478352603058
2019-12-17,0.0338882871792173,0.031650662077620226,-0.06602945406368432
2019-12-18,0.03162236491869775,0.03438429231854291,0.08734095020869492
2019-12-19,0.03447360741718394,0.03304841288781302,-0.04134161279160208
2019-12-20,0.03306626111231675,0.03389264016386734,0.024991608478007507
2019-12-21,0.033904799400497315,0.03306418251148383,-0.024793448239695325
2019-12-22,0.03306292691238229,0.034417825755179966,0.04097939805475179
2019-12-23,0.03449874880508175,0.03304912509902728,-0.04201960234108363
2019-12-24,0.03306104214639929,0.033893653890844054,0.025184074378473496
2019-12-25,0.03388330256897783,0.03337048992331555,-0.015134671262292638
2019-12-26,0.03338013520215297,0.03411744792519095,0.0220883683835534
2019-12-27,0.034043575340537584,0.03287078744939103,-0.03444960993124744
2019-12-28,0.032900541064318105,0.03356424015839162,0.02017289298604647
2019-12-29,0.033611446164104344,0.03411902658237746,0.01510141562475206
2019-12-30,0.03412103412013437,0.03327699834545776,-0.024736523861055935
2019-12-31,0.033247989946812204,0.03268386708840286,-0.016967126713879184
2020-01-01,0.03263808205363319,0.033368534648683765,0.022380377433031964
2020-01-02,0.03335596490521457,0.03259200697935282,-0.02290318772167555
2020-01-03,0.032588164491722124,0.03403913874149898,0.0445245773245505
2020-01-04,0.03417423342578575,0.03437189909797894,0.005784055774724223
2020-01-05,0.03433612762795197,0.03455814315314322,0.006465945362182156
2020-01-06,0.03457883408102518,0.037329787371914155,0.07955598747033907
2020-01-07,0.03744266375942995,0.03708210636271583,-0.009629587227840082
2020-01-08,0.03703408088966453,0.036275803768806326,-0.020475116504641542
2020-01-09,0.03623029554641092,0.036129013835124596,-0.0027954977942860433
2020-01-10,0.03618658535601336,0.036880110699996534,0.01916526074953154
2020-01-11,0.03691593044623273,0.03678823755585845,-0.003459018608789014
2020-01-12,0.03674701010149534,0.03764817852413218,0.024523584916101022
2020-01-13,0.03791935620586956,0.03685058046423086,-0.02818549280837367
2020-01-14,0.03685436862473563,0.04168351297670141,0.13103315922022324
2020-01-15,0.04121454457302708,0.04266281979935592,0.03513990610190225
2020-01-16,0.04287157165428952,0.041513810311909226,-0.03167043544214096
2020-01-17,0.04171709539655321,0.044931648597506445,0.07705601673358187
2020-01-18,0.044744997120919686,0.04483050959730382,0.0019111069814809897
2020-01-19,0.04478951320503934,0.04195574735779776,-0.06326851185609118
2020-01-20,0.041961745005444626,0.04383162937189772,0.04456164456960669
2020-01-21,0.04374819455895119,0.045959337762113535,0.05054250182102501
2020-01-22,0.045959337762113535,0.045959337762113535,0.0
2020-01-23,0.04562612267329001,0.0431686329379411,-0.05386146337583827
2020-01-24,0.043108539663579554,0.0448624936496994,0.04068692653028291
2020-01-25,0.044903465255447035,0.043165280249506235,-0.03870937345375474
2020-01-26,0.04288144994587355,0.04459506579879766,0.03996170500501033
2020-01-27,0.04477342580011812,0.04777169417842034,0.06696535555906254
2020-01-28,0.047950827049804606,0.05305718637268041,0.10649157975048124
2020-01-29,0.05312654704666218,0.053297615834547174,0.0032200245902438075
2020-01-30,0.053115983179415835,0.05614932537500146,0.05710789886613911
2020-01-31,0.05614051959737279,0.05379878252593315,-0.0417120662265696
2020-02-01,0.053796526434599305,0.056030412434883076,0.04152472563446111
2020-02-02,0.05611039910687228,0.05567201634789893,-0.007812861179945845
2020-02-03,0.05560614276107404,0.0569346402608633,0.023891200393048023
2020-02-04,0.056831331480268824,0.05573730605668396,-0.019250392258796416
2020-02-05,0.05580354676187454,0.059328005890008355,0.06315833549386071
2020-02-06,0.059348974457591915,0.059920526157552015,0.009630355118747758
2020-02-07,0.06001180563494022,0.0597980763883369,-0.0035614533564189074
2020-02-08,0.0598217507241424,0.06016812094754908,0.005790038225459277
2020-02-09,0.06009332471005587,0.06195261998781292,0.030940129984951895
2020-02-10,0.06191437323225821,0.06032773430074311,-0.02562634245788401
2020-02-11,0.06023708475943018,0.06367650572927597,0.05709806481475418
2020-02-12,0.06376726014346626,0.06846368353910294,0.07364944620594441
2020-02-13,0.06851464522432138,0.06872045079373497,0.0030038186542419992
2020-02-14,0.0687389063238886,0.07090902567845052,0.03157046672137327
2020-02-15,0.0709735195681985,0.0640932407242856,-0.0969414914995393
2020-02-16,0.06401116716547102,0.06215960917785226,-0.028925546425866935
2020-02-17,0.06151156650163509,0.060138010693663584,-0.022330041097798996
2020-02-18,0.06033214738586288,0.06285010480457232,0.04173492122873532
2020-02-19,0.06289136485745853,0.05743657833078947,-0.08673347349087074
2020-02-20,0.057056938290256466,0.058218416798890185,0.02035648149792263
2020-02-21,0.058218416798890185,0.058218416798890185,0.0
2020-02-22,0.05866577664209281,0.058327683419853296,-0.005763040082161523
2020-02-23,0.05832453726442907,0.06184871761270175,0.06042363152055389
2020-02-24,0.06161982605712585,0.059029977694949706,-0.04202946564268411
2020-02-25,0.05903697721040892,0.05608901541708407,-0.049934158769990154
2020-02-26,0.055809947430115664,0.0492168549511939,-0.11813471939169144
2020-02-27,0.04900449019249468,0.0497093572336379,0.014383723580725672
2020-02-28,0.049990463395504024,0.04888701649741566,-0.022073148019420077
2020-02-29,0.04889885291790501,0.04711579598295453,-0.03646418736946659
2020-03-01,0.047216845653764924,0.045728794383923674,-0.03151526217471069
2020-03-02,0.04554722281583912,0.04920507088977534,0.08030891562205635
2020-03-03,0.04928105233519945,0.048610088242810795,-0.013615052045254582
2020-03-04,0.04866404493137096,0.04902774899233702,0.007473773737447759
2020-03-05,0.04902096709993655,0.051015546670152116,0.040688294993228465
2020-03-06,0.05102554402254049,0.051831343729171,0.015792084573847023
2020-03-07,0.051984624710615976,0.048897891876651264,-0.0593778035553339
2020-03-08,0.048782874239135236,0.04277421577531002,-0.12317147272566548
2020-03-09,0.04323625486169361,0.041578717517660645,-0.038336746541419456
2020-03-10,0.0416108651997631,0.0414221709084471,-0.004534736069777192
2020-03-11,0.04147359208822372,0.03969783792779164,-0.04281650252658713
2020-03-12,0.03975713775199456,0.023321827936401147,-0.4133926822931029
2020-03-13,0.023851105008798272,0.028705628872814574,0.2035345474444706
2020-03-14,0.028499877087859064,0.025628431368906968,-0.10075291588451554
2020-03-15,0.025844743928858282,0.026899589532904514,0.04081470518531196
2020-03-16,0.026806304337812274,0.02418975555413296,-0.09760945599608373
2020-03-17,0.024429922676866955,0.025926483116634643,0.06125931954687696
2020-03-18,0.025903828636113742,0.026128519960945354,0.008674058494903698
2020-03-19,0.026215401313864642,0.030450597799981556,0.16155375366605695
2020-03-20,0.03056200752165244,0.029513883746165568,-0.03429499108474142
2020-03-21,0.029508777325898457,0.029478274099187976,-0.0010337001216146689
2020-03-22,0.029488371025761607,0.027027966038976028,-0.0834364497325445
2020-03-23,0.026915759941227677,0.029404665574312903,0.09247019733122581
2020-03-24,0.0296325209191325,0.03032910227300349,0.023507326824200075
2020-03-25,0.03027273680849493,0.029527870719498212,-0.02460517837249843
2020-03-26,0.02966402537247967,0.03095663012715687,0.043574826357733486
2020-03-27,0.030995259887698443,0.028849213104831288,-0.06923790252582748
2020-03-28,0.028556331314094286,0.029872573009819197,0.0460928149784866
2020-03-29,0.029932319370972942,0.02807849618428164,-0.06193383024267271
2020-03-30,0.02812968910546869,0.029712212074454264,0.05625810377967943
2020-03-31,0.029675583497087113,0.030516486984024017,0.02833654431830955
2020-04-01,0.03054580227411796,0.03102206575628834,0.015591781741281181
2020-04-02,0.03122931664441851,0.03193753361502655,0.022677952856666583
2020-04-03,0.0318490939807377,0.032311646506030224,0.014523255373363967
2020-04-04,0.032341261898647215,0.032536330655155876,0.0060315753021628485
2020-04-05,0.03260381782829633,0.03190956015516561,-0.021293753902899663
2020-04-06,0.031938416260763214,0.036006119494793556,0.12736083094475703
2020-04-07,0.0358423739104642,0.03524497448011114,-0.016667406903499018
2020-04-08,0.03534492398953338,0.03641824029125407,0.030366914978754145
2020-04-09,0.036352355002909766,0.036135032231479125,-0.005978230885268514
2020-04-10,0.03611786085945309,0.03328153199765152,-0.0785298130705661
2020-04-11,0.033415566997846445,0.03351145529142103,0.002869569550645763
2020-04-12,0.03346647492543259,0.03349818509712257,0.0009475205189860338
2020-04-13,0.033446987702601724,0.03321221864387426,-0.007019139087051515
2020-04-14,0.03324830284550691,0.03313117849882697,-0.003522716549598736
2020-04-15,0.03314702705468295,0.03185352008346662,-0.03902331781014386
2020-04-16,0.03171839936318831,0.03447610440283084,0.08694338601597484
2020-04-17,0.03458520600298298,0.03440697939758107,-0.00515326135072148
2020-04-18,0.03445567754728413,0.036602832612322264,0.06231643717037791
2020-04-19,0.03667582355472119,0.035554593267075614,-0.03057137315465249
2020-04-20,0.03552739503052106,0.03400276174987454,-0.042914299777305216
2020-04-21,0.03390374287016539,0.03458626058679253,0.0201310433258312
2020-04-22,0.034581770382101314,0.03665879440303188,0.06006124030033997
2020-04-23,0.036654283791076256,0.040910967002512066,0.11613057932595944
2020-04-24,0.040904283186866536,0.04169985903586153,0.019449695411125893
2020-04-25,0.04168962334620881,0.04229072181448975,0.014418419262010582
2020-04-26,0.04216196022646939,0.04601726407062562,0.09144033682133827
2020-04-27,0.04620092162579852,0.046596240833501855,0.008556522116705703
2020-04-28,0.04653133659075256,0.04700690224284175,0.010220330790663432
2020-04-29,0.046941964978495156,0.05153787906854024,0.09790629966492757
2020-04-30,0.0515794462238073,0.04760096271568466,-0.07713311792568854
2020-05-01,0.047536315826030115,0.05095255690217936,0.07186592012413737
2020-05-02,0.05093309107925721,0.05096171396627953,0.0005619703500377679
2020-05-03,0.05103216270110291,0.04903154666947654,-0.03920304227245957
2020-05-04,0.0489645279875011,0.049515098467726615,0.011244272187532439
2020-05-05,0.04960212391081786,0.2176894043423497,3.388711353040938
2020-05-06,0.04957438717572916,0.04898097181660893,-0.011970200600094424
2020-05-07,0.04888266326928936,0.051301453560414295,0.04948155704610604
2020-05-08,0.051372648255684925,0.05207937195610407,0.013756808815884614
2020-05-09,0.052016723588618974,0.051455749280166996,-0.010784499094724157
2020-05-10,0.05142778629753117,0.04770819105905344,-0.07232656713937329
2020-05-11,0.04774762494762131,0.04807764143339851,0.006911683798706713
2020-05-12,0.04791408309160365,0.05044368954591818,0.05279463345835808
2020-05-13,0.05036902010354652,0.05156178373046186,0.02368050092027411
2020-05-14,0.051640490031495,0.05105615126975746,-0.011315515429484804
2020-05-15,0.05102510241295077,0.05023451614334,-0.015494065317350683
2020-05-16,0.050343938418590944,0.050990656651732885,0.012846000004304818
2020-05-17,0.050988025450467794,0.05128097738052386,0.005745504507536853
2020-05-18,0.05121866903134036,0.05423090061160591,0.058811203751163145
2020-05-19,0.054324822127908165,0.05680104270893423,0.04558175220888498
2020-05-20,0.05677613048952036,0.05688373145762885,0.0018951796675955113
2020-05-21,0.056782800761555785,0.051985177273214174,-0.0844907863648352
2020-05-22,0.051907792448336265,0.05571048044178237,0.0732585188867531
2020-05-23,0.055796880964816435,0.054998504819249575,-0.014308616033041142
2020-05-24,0.05491598644350187,0.051550858249484265,-0.06127775192529194
2020-05-25,0.051209872015023396,0.05380235085551231,0.05062459128443757
2020-05-26,0.053952347849763195,0.05356474165167352,-0.007184232263052043
2020-05-27,0.05348906272841485,0.05505877970365489,0.02934650366206854
2020-05-28,0.05509786898319527,0.06471968501616136,0.17463136434370496
2020-05-29,0.06529164704912906,0.06469518739721918,-0.009135313303722779
2020-05-30,0.064780684667302,0.07691590193337339,0.18732770930710205
2020-05-31,0.07701827432161018,0.07418814856557093,-0.036746159024821944
2020-06-01,0.07351588344077611,0.08092478970677318,0.10077966718533184
2020-06-02,0.0811231679590401,0.07879529526140212,-0.028695534903337802
2020-06-03,0.07867050052395022,0.08544394498579287,0.0860989114945387
2020-06-04,0.08545983744708668,0.08870203359799189,0.03793824383193621
2020-06-05,0.08894108388914548,0.08517331588280423,-0.04236251506713509
2020-06-06,0.08498246015018612,0.08619667829807158,0.01428786770516666
2020-06-07,0.08620597539878846,0.08661099408036674,0.004698266909047295
2020-06-08,0.0867212121948002,0.08657965388029884,-0.0016323378204559198
2020-06-09,0.08669916498484778,0.0830916998896738,-0.0416089946864477
2020-06-10,0.08301927104596314,0.08368486113811854,0.008017296270728539
2020-06-11,0.08373982595924225,0.07517123082834977,-0.1023240140845644
2020-06-12,0.07521869824767367,0.07946295523650955,0.05642555757693055
2020-06-13,0.0794196685075385,0.07899835534613227,-0.00530489700251314
2020-06-14,0.07910549002567487,0.07636002214017604,-0.034706413987294
2020-06-15,0.07626370952420262,0.07830445806017627,0.02675910401822257
2020-06-16,0.0784194221063328,0.07913475062374271,0.009121828473052991
2020-06-17,0.07950083629416532,0.08337247895280472,0.04869939536627927
2020-06-18,0.08321123900314897,0.08185882076602823,-0.016252831388192262
2020-06-19,0.08160351227773613,0.07981869906690978,-0.02187176949874133
2020-06-20,0.07979963843778062,0.07954699552286544,-0.003165965659257555
2020-06-21,0.07956792574495862,0.0783083465335723,-0.015830238121623125
2020-06-22,0.0783281897599426,0.08366185187031286,0.06809377475359346
2020-06-23,0.0838581995278477,0.08279862522862823,-0.01263530942931361
2020-06-24,0.08271017150755333,0.0824960427914679,-0.00258890426875587
2020-06-25,0.08253582589597035,0.0816414274008062,-0.01083648810022773
2020-06-26,0.08154169473399625,0.08054447716957998,-0.01222954180274737
2020-06-27,0.08041729281372728,0.07728731057518942,-0.03892175586895123
2020-06-28,0.07725638059271837,0.08023367814784664,0.03853788557380185
2020-06-29,0.0803382807495142,0.083846826915702,0.043672158944091134
2020-06-30,0.0839934744948009,0.08314807540436396,-0.010065056785920455
2020-07-01,0.08313578850520366,0.0968238299269235,0.1646467985428811
2020-07-02,0.09650059696036327,0.09314999748165796,-0.03472102333295964
2020-07-03,0.09295571442885679,0.09673888756646268,0.04069866130178924
2020-07-04,0.096038030806144,0.10001258409941999,0.04138520188214565
2020-07-05,0.09990915850821663,0.09836688585997642,-0.01543674945589068
2020-07-06,0.09833178007802139,0.1051165708225601,0.06899896187331617
2020-07-07,0.10519702207588512,0.11768292220908287,0.11869062343029921
2020-07-08,0.11776639366504286,0.13012818798511624,0.10496877704545679
2020-07-09,0.12960823706645092,0.12410637933617112,-0.04244990792876041
2020-07-10,0.12420427218642341,0.11843133159746211,-0.04647940435008911
2020-07-11,0.11878685132147083,0.1252118320067578,0.05408831544746616
2020-07-12,0.12524310917398115,0.12717067459499573,0.015390590617938939
2020-07-13,0.12714393842189392,0.1242472541215152,-0.022782716473410073
2020-07-14,0.12414559906594727,0.13207160588844727,0.06384444460483558
2020-07-15,0.13213785911703815,0.13049109053438435,-0.01246250388539456
2020-07-16,0.1305470527332857,0.12590889861218557,-0.03552860079174764
2020-07-17,0.12608126182362192,0.12233410668746388,-0.02972015890354928
2020-07-18,0.12202202377324421,0.12270439096015817,0.005592164150481681
2020-07-19,0.12256023515094547,0.1240084154843014,0.011816070127250907
2020-07-20,0.12416730666516325,0.1179198254401894,-0.05031502569207822
2020-07-21,0.11729410827389601,0.12327753834986802,0.05101219629889651
2020-07-22,0.12318899357301703,0.12416326745464126,0.007908773774068983
2020-07-23,0.1241477567604545,0.12428609447974999,0.0011142989845753866
2020-07-24,0.12432174661500814,0.12206852486568542,-0.018124115938463702
2020-07-25,0.12239606204740425,0.14350643457398557,0.17247591281495014
2020-07-26,0.143093765441653,0.1485175619487255,0.037903793294782474
2020-07-27,0.14871239432711153,0.13902462932797763,-0.06514430113891147
2020-07-28,0.13849898322572393,0.14935307394537092,0.07836946139855142
2020-07-29,0.1495519264144427,0.13992507882434777,-0.06437127104211775
2020-07-30,0.1398941302565477,0.14068063710774775,0.0056221576256108505
2020-07-31,0.1407679708604073,0.139097754200563,-0.011865033285878394
2020-08-01,0.13912168491755111,0.1447748263717091,0.0406345096920603
2020-08-02,0.14470171158482595,0.1339056657791465,-0.07460897101656373
2020-08-03,0.13392466967950584,0.13777439557547044,0.02874545746633057
2020-08-04,0.1378845367034645,0.14340114809234938,0.040008919932399224
2020-08-05,0.14359214395044795,0.14259398559451514,-0.006951343774609726
2020-08-06,0.14234988493873402,0.14443305534198533,0.014634155862843813
2020-08-07,0.14485809586102882,0.138924901574647,-0.04095866545197385
2020-08-08,0.13877909853213113,0.1467292234789792,0.05728618380531853
2020-08-09,0.1474941549510199,0.14537654052080215,-0.01435727694376066
2020-08-10,0.14536284985846687,0.1440287735157203,-0.00917756045678452
2020-08-11,0.14422877020079528,0.13689026142824703,-0.050881032697786786
2020-08-12,0.13640464131164753,0.1367671521616213,0.0026576137475082654
2020-08-13,0.1366980690238148,0.13930280158309047,0.01905464047792729
2020-08-14,0.13992076562545228,0.13844532757201283,-0.01054481117827055
2020-08-15,0.13868994912181057,0.1386133262312292,-0.0005524761604322145
2020-08-16,0.13841878528593626,0.13870528375683447,0.0020697947197439717
2020-08-17,0.13899638831124597,0.140597369538546,0.011518149836491172
2020-08-18,0.14051170466335286,0.13708631098728608,-0.0243779953013421
2020-08-19,0.13724044717085598,0.12940155131196643,-0.05711797083501636
2020-08-20,0.12981574969488982,0.13422461729337165,0.033962501536555736
2020-08-21,0.13435577133835983,0.12283044186248754,-0.08578216894640907
2020-08-22,0.12321228081829215,0.1255982342294129,0.01936457466151003
2020-08-23,0.12544668681062635,0.12141231446761205,-0.032160054965059054
2020-08-24,0.12159240511902097,0.12376238298872581,0.01784632738846437
2020-08-25,0.1237525280799136,0.1126648085023914,-0.08959590361145814
2020-08-26,0.11259010118139492,0.11449773025070092,0.016943133093313426
2020-08-27,0.1146303052271494,0.10694378911272012,-0.06705483422728231
2020-08-28,0.10731392998966474,0.1094486718761878,0.01989249565949782
2020-08-29,0.10951749451627019,0.11623448172184375,0.061332549975161035
2020-08-30,0.1165529392402471,0.1174022837489944,0.007287199398691968
2020-08-31,0.1176602069185875,0.12241494851405803,0.040410787300080735
2020-09-01,0.1228031737578201,0.12465639710934537,0.015091005344699043
2020-09-02,0.12485556717167928,0.11502166500319386,-0.07876222415427887
2020-09-03,0.11494471910279605,0.09527400917731088,-0.17113191522868906
2020-09-04,0.09541365963597848,0.10188257433354563,0.06779862256879474
2020-09-05,0.10171751058204316,0.08987092673893575,-0.11646553061827256
2020-09-06,0.08979396456668245,0.09266318954488009,0.03195342796193061
2020-09-07,0.0925671336301115,0.09354214911920354,0.010533063419551257
2020-09-08,0.09374878802935545,0.09101162220023498,-0.029196812957873984
2020-09-09,0.0909479574867597,0.09336288274756334,0.02655282567676364
2020-09-10,0.09337434225501737,0.09716471994224865,0.04059335354544478
2020-09-11,0.09711120234126056,0.09704170946349537,-0.0007156010438525713
2020-09-12,0.09706823150907858,0.09773128011819555,0.00683074780295101
2020-09-13,0.09770367392491312,0.09496811973405768,-0.027998478265594824
2020-09-14,0.09506699178298465,0.09665888632210569,0.016744976455707706
2020-09-15,0.09669064636246014,0.09310013507027477,-0.03713400858575054
2020-09-16,0.09327555997661367,0.09140411410486271,-0.020063625157760265
2020-09-17,0.09147977687232257,0.09418393822373897,0.029560209303861378
2020-09-18,0.09371507835191875,0.09108750047820759,-0.028037941384886727
2020-09-19,0.09115367655442236,0.09149536389705844,0.003748475712135194
2020-09-20,0.09141877437459711,0.08928837075242116,-0.023303786741292565
2020-09-21,0.08925121442277054,0.08001621096827481,-0.10347202012009386
2020-09-22,0.07999186724562256,0.08147592244934866,0.01855257609088149
2020-09-23,0.0814662302147498,0.07658605600129091,-0.05990425972325542
2020-09-24,0.07657025117233489,0.08259766876485702,0.07871748492709482
2020-09-25,0.08254802386795873,0.09699685718317784,0.1750354840514537
2020-09-26,0.09722984311198381,0.09541984822067857,-0.01861563110022284
2020-09-27,0.09557157762415425,0.10128404977952395,0.05977166326409956
2020-09-28,0.10172641548393418,0.10039247448715331,-0.01311302467933261
2020-09-29,0.09994611746004908,0.10117566476435516,0.012302101727939137
2020-09-30,0.10126423604176968,0.10122691063193212,-0.0003685941976806248
2020-10-01,0.1013951912579247,0.0980117987164312,-0.03336837279479038
2020-10-02,0.09771826474829734,0.09279892696638081,-0.05034205012325746
2020-10-03,0.09280075619601523,0.09338691971063467,0.006316365713457561
2020-10-04,0.09348107104045264,0.09688993536574841,0.0364658244429039
2020-10-05,0.09674757674073357,0.0975095622916558,0.00787601691527859
2020-10-06,0.09767698591805957,0.09289926914173119,-0.04891343371647817
2020-10-07,0.0928481939494159,0.09385202195115691,0.01081149733820238
2020-10-08,0.09358444903420884,0.09624824723110183,0.028464111552542866
2020-10-09,0.0961630286745348,0.10147589589274032,0.05524854293209712
2020-10-10,0.10150587531542471,0.10523961911589498,0.036783523996693185
2020-10-11,0.10508597103239703,0.1065741672017785,0.014161701650191417
2020-10-12,0.10618832910676118,0.10956529647029346,0.031801680956266835
2020-10-13,0.10965903186728328,0.10958925505743765,-0.0006363070023276988
2020-10-14,0.1093786460982601,0.10714114030175824,-0.02045651392038448
2020-10-15,0.10709555162492859,0.106606226384896,-0.00456905289349749
2020-10-16,0.10661177358355811,0.10409448418727696,-0.023611739226045238
2020-10-17,0.10427469308872116,0.10603588538227211,0.016889930254241667
2020-10-18,0.10592196403105684,0.10737237349496129,0.01369318891669319
2020-10-19,0.10743323495890535,0.10870845509855023,0.011869884958157271
2020-10-20,0.10868873437150721,0.10238982739845771,-0.05795363254041861
2020-10-21,0.10208413863038487,0.10628681611127286,0.041168760762184425
2020-10-22,0.10599875748236114,0.11096558549578975,0.04685741730751064
2020-10-23,0.11075476351264392,0.108162689942978,-0.02340372086452075
2020-10-24,0.10832045637824331,0.10812684709415539,-0.001787375077260149
2020-10-25,0.10794877342284291,0.1063967985817007,-0.014376956698368538
2020-10-26,0.10649825148318415,0.10319283351007232,-0.03103729805022903
2020-10-27,0.10305464462750946,0.10276901420231109,-0.002771640484820276
2020-10-28,0.10254779517129568,0.09891312223236917,-0.03544369659879239
2020-10-29,0.09887233664110559,0.09537449314943591,-0.035377372584673696
2020-10-30,0.09530338904341787,0.09339044742707271,-0.02007212582412644
2020-10-31,0.09330171454205907,0.09305938504357203,-0.002597267367233687
2020-11-01,0.09275460393907112,0.09815817059949537,0.05825658706896926
2020-11-02,0.0983913909273444,0.0924121917406901,-0.06076953613827407
2020-11-03,0.09224210250259733,0.09362524212786591,0.014994667161122356
2020-11-04,0.0938454684111574,0.09567861970232909,0.01953372200285958
2020-11-05,0.09575820583856508,0.0976870372692789,0.020142727339373476
2020-11-06,0.09771524441735606,0.10929448822621632,0.11849987049516676
2020-11-07,0.10932103942564012,0.10139686985278487,-0.07248531128580463
2020-11-08,0.10102279387309676,0.10657982898236441,0.05500773534583009
2020-11-09,0.1063582526909734,0.10541554028491547,-0.008863556726500674
2020-11-10,0.10575759090627412,0.10610027992034997,0.003240325456917293
2020-11-11,0.10604102570540505,0.10612874056782078,0.0008271785550189548
2020-11-12,0.10617395875342979,0.10468188503005703,-0.014053104366559769
2020-11-13,0.10482043626287899,0.10650730899740689,0.01609297570845248
2020-11-14,0.10646889774615119,0.10423216654443858,-0.02100830617262089
2020-11-15,0.10433901843100171,0.10062534951539237,-0.035592331339259736
2020-11-16,0.10030208178875728,0.10401324489451542,0.036999861214985476
2020-11-17,0.1037486473410585,0.10972399061346297,0.05759442099289643
2020-11-18,0.1097664114458747,0.10672738012069716,-0.027686350361158348
2020-11-19,0.10731687033927707,0.1059480873427492,-0.012754592937722952
2020-11-20,0.10577760206690237,0.1181612402490454,0.11707240417787694
2020-11-21,0.11831057232472854,0.13364111108547708,0.1295787727124725
2020-11-22,0.13399952909741708,0.14537522137941733,0.08489352431776212
2020-11-23,0.14777289073197547,0.15464287319385622,0.04649014056537102
2020-11-24,0.15506869799706022,0.167145239197996,0.07787865221622443
2020-11-25,0.16757271993358716,0.15504316651927957,-0.07477084229028048
2020-11-26,0.1537336534162163,0.1383934368463802,-0.09978437530723497
2020-11-27,0.13890303192028539,0.14147047415457945,0.018483701894768435
2020-11-28,0.14207350424375156,0.16503204228128818,0.1615961974031927
2020-11-29,0.1647935408907216,0.1667398890209348,0.011810827776944754
2020-11-30,0.16795872131945772,0.17193561464757826,0.023677801884169406
2020-12-01,0.17271463918225785,0.15575788882817004,-0.09817784082676469
2020-12-02,0.15549358634635863,0.15865942397318783,0.020359924169331134
2020-12-03,0.15884959688644554,0.1642445169147516,0.03396244078707129
2020-12-04,0.16375582568913633,0.14791577043430312,-0.09672972053466335
2020-12-05,0.14803539891081458,0.16015210719567774,0.08185007352304295
2020-12-06,0.1602787455189668,0.1589087236565483,-0.00854774510483284
2020-12-07,0.15908730603909635,0.15413130519282003,-0.031152710858390914
2020-12-08,0.15427992321812237,0.14109490420546908,-0.08546166434120003
2020-12-09,0.14112036663146685,0.14800539630767648,0.04878834884400318
2020-12-10,0.14828624472961532,0.14166529790497429,-0.04464977069662565
2020-12-11,0.14251469142125103,0.1393574446444316,-0.022153833722918567
2020-12-12,0.1392050118722436,0.14412848017096833,0.03536847008959185
2020-12-13,0.14436953486883033,0.153843098904834,0.06562024352721679
2020-12-14,0.1531221414933603,0.1583333723226528,0.03403316318899888
2020-12-15,0.15896747115793985,0.15404524015161625,-0.030963762400379354
2020-12-16,0.1539931293962525,0.16836349391936592,0.09331821867283333
2020-12-17,0.16896049002306973,0.16361652010192568,-0.031628518125239764
2020-12-18,0.1637459531149409,0.16527724459273935,0.009351629452018109
2020-12-19,0.16536549022160033,0.16451933610122407,-0.0051168724456496445
2020-12-20,0.16385479516535645,0.16206131423875947,-0.010945550447803877
2020-12-21,0.16128346991198436,0.1528215460721994,-0.05246615691244004
2020-12-22,0.1529995656204421,0.15695854568021808,0.025875760128609385
2020-12-23,0.15725016832805433,0.13609771222696,-0.13451468018123974
2020-12-24,0.13572377721698484,0.15292185260496027,0.1267137987213579
2020-12-25,0.15323017848455373,0.15741470553054324,0.027308765723400432
2020-12-26,0.15698326186852624,0.15817265663858823,0.007576570622275112
2020-12-27,0.15855425107944823,0.15418143777946045,-0.027579287658434728
2020-12-28,0.1552205329955747,0.17627493137716546,0.1356418379402873
2020-12-29,0.17689981709545852,0.19162684666644866,0.08325067720699315
2020-12-30,0.19147268279208512,0.18415821961193848,-0.03820107951424702
2020-12-31,0.18437393364062146,0.18174804146881,-0.014242209405423962
2021-01-01,0.18167985844632248,0.17539300086471404,-0.03460404271211987
2021-01-02,0.17560673570006008,0.17745040871557952,0.010498874135833083
2021-01-03,0.17760301478785254,0.20490247077229173,0.15371054380494892
2021-01-04,0.20740200333096168,0.22579759477129546,0.08869534114855693
2021-01-05,0.22767909342950096,0.2589027911408157,0.13713906376293142
2021-01-06,0.2627844780407249,0.33432744699811806,0.27224959971306145
2021-01-07,0.337432213750319,0.29983724872308554,-0.11141486643907582
2021-01-08,0.30104616223476266,0.3045147530112883,0.011521790381837618
2021-01-09,0.30579008278365266,0.33160464607924495,0.0844192298867199
2021-01-10,0.3344168306955193,0.302932219569538,-0.09414780667737241
2021-01-11,0.30342329333831597,0.2768616769627438,-0.08753980646421922
2021-01-12,0.27522863702536404,0.2883079750017629,0.047521719097833315
2021-01-13,0.28834834909366575,0.3126901763990438,0.0844181261376702
2021-01-14,0.3137834691398625,0.3110397552180799,-0.008743972170693358
2021-01-15,0.312476331098315,0.30294252378435405,-0.03051049428432176
2021-01-16,0.3032134603410725,0.35119526880485763,0.15824432203574457
2021-01-17,0.34875429834333616,0.3814772827668353,0.09382818958487653
2021-01-18,0.38433291822526716,0.3708159359332716,-0.03516998323852371
2021-01-19,0.3716590532477872,0.36859861537451494,-0.00823453067139965
2021-01-20,0.3653397526057992,0.3754422113136659,0.027652229563880013
2021-01-21,0.37707078001744343,0.3074918093863172,-0.18452496008284566
2021-01-22,0.30368276616365786,0.3504137315896691,0.15388086066374748
2021-01-23,0.3487674896172172,0.3457914111481329,-0.0085331304025804
2021-01-24,0.34552036340572884,0.35435623501003444,0.025572650819222595
2021-01-25,0.3547772345064396,0.3437023278874103,-0.03121650867603316
2021-01-26,0.3411508531645644,0.34412986348724783,0.008732237645164042
2021-01-27,0.3441303037635124,0.3127872692479787,-0.09107897262390677
2021-01-28,0.3123155071901565,0.34522118970872095,0.10536038640735665
2021-01-29,0.3447750753291891,0.34784728282737243,0.008910758688835023
2021-01-30,0.34933109297028014,0.36390876882627393,0.04173025576407539
2021-01-31,0.36348319995691747,0.34573954161230025,-0.04881562159329598
2021-02-01,0.34482837746950384,0.40584643786918556,0.17695196911419528
2021-02-02,0.41191453018133445,0.42639206645743577,0.03514694242450726
2021-02-03,0.4278310083033224,0.4431992855192354,0.03592137296653645
2021-02-04,0.4429052019976778,0.4398789276134728,-0.006832781305243878
2021-02-05,0.4447280013406909,0.5403315670313827,0.21497087074005314
2021-02-06,0.5379285486532152,0.6318339632812556,0.1745685646600218
2021-02-07,0.6332158037901379,0.667595237648999,0.0542933920048768
2021-02-08,0.6627793863397612,0.6779142308019658,0.022835418201202173
2021-02-09,0.6766751057992494,0.7065800759459512,0.04419398599181475
2021-02-10,0.7094102897466679,0.940088033055235,0.3251683075966416
2021-02-11,0.9377844077360744,0.9312129437980714,-0.00700743570035177
2021-02-12,0.9344034300867452,0.9281349686510425,-0.006708517149943218
2021-02-13,0.9300709235377476,0.9122579006004242,-0.01915232751236566
2021-02-14,0.9161384098891393,0.8474195706173743,-0.07500923280804328
2021-02-15,0.8528212131388814,0.8629702224605623,0.01190051228243567
2021-02-16,0.8609465319824713,0.8706779555020292,0.011303168266616636
2021-02-17,0.8722821906568782,0.8931492239875505,0.02392234251046469
2021-02-18,0.8950074602549147,0.9127151196170568,0.01978492934248677
2021-02-19,0.9172965787455112,0.9280019964226032,0.011670617688046595
2021-02-20,0.9307245816257971,1.1220286708931944,0.20554317898558752
2021-02-21,1.1140552707055036,1.1015857077840583,-0.01119294818608832
2021-02-22,1.1021543232996458,1.0963088506850462,-0.005303678886908772
2021-02-23,1.1010672623483064,0.9642779741417576,-0.12423336237861689
2021-02-24,0.967520274144653,1.0534434934122345,0.08880766797733812
2021-02-25,1.0541934590197455,1.0695108009312313,0.014529915529668369
2021-02-26,1.0724676516612701,1.2390744012403516,0.15534897422873772
2021-02-27,1.2539745845970978,1.32198262200542,0.05423398388107944
2021-02-28,1.3087355430786898,1.3066152523855268,-0.001620106296016987
2021-03-01,1.3187910342490292,1.2970087812370852,-0.016516834317385005
2021-03-02,1.2981213113008383,1.2241383209739605,-0.05699235478442303
2021-03-03,1.2214089705568623,1.215200064743576,-0.005083396276724264
2021-03-04,1.211235802198574,1.1143922007072098,-0.079954374957856
2021-03-05,1.1119508147985324,1.1632661669299322,0.046148940626206864
2021-03-06,1.1658265058298534,1.1292903282217688,-0.031339292274949235
2021-03-07,1.1329186222649383,1.1332401961911338,0.0002838455647878577
2021-03-08,1.1290370974581962,1.118515533850969,-0.009319059250501648
2021-03-09,1.122312218731589,1.198843404858994,0.06819063790813816
2021-03-10,1.2012657543254075,1.1360991174379338,-0.054248309878832106
2021-03-11,1.1356021757701853,1.1245796389577905,-0.009706336468507704
2021-03-12,1.1261984069416644,1.0329483603976153,-0.08280072673631418
2021-03-13,1.0307542179902367,1.1026621018949094,0.06976239597144568
2021-03-14,1.0976151570947532,1.0584272800117007,-0.03570274775247983
2021-03-15,1.0542562032028742,1.0321746837265136,-0.020945116954755434
2021-03-16,1.031069162065889,1.2453714101787405,0.20784468782236445
2021-03-17,1.2487360354471002,1.3782624261916046,0.10372599738272822
2021-03-18,1.3813297869829808,1.2310565824609199,-0.10878879608487907
2021-03-19,1.2268133678896278,1.3011454339228214,0.060589546852639974
2021-03-20,1.2998864387724296,1.2018476604950254,-0.0754210332173238
2021-03-21,1.1978893810730658,1.1889174584836821,-0.007489775542835681
2021-03-22,1.1872066098783018,1.1063175260433684,-0.06813395677035963
2021-03-23,1.1063175260433684,1.1063175260433684,0.0
2021-03-24,1.1113393221832932,1.0718839536847573,-0.035502539783280114
2021-03-25,1.0658768279414936,1.0971874044397598,0.029375417194063284
2021-03-26,1.0982226254632883,1.2150180629086378,0.10634950941397606
2021-03-27,1.211119172806555,1.1763649265560774,-0.028695975615628876
2021-03-28,1.1793895927725804,1.1879662960859827,0.0072721544822518655
2021-03-29,1.1935881398563366,1.2035166472986094,0.008318202159304152
2021-03-30,1.203033977292817,1.2120943008692981,0.007531228333940864
2021-03-31,1.211804902637914,1.1914766543564945,-0.016775182405326185
2021-04-01,1.1940298428209568,1.183651200403643,-0.008692113082193751
2021-04-02,1.1846610681997456,1.1893171621630674,0.003930317361063747
2021-04-03,1.1905872835859268,1.1639312303823164,-0.022388995390010484
2021-04-04,1.1593005366294302,1.1838842723925598,0.02120566236828003
2021-04-05,1.1830237999375648,1.2126300004437456,0.025025870576520344
2021-04-06,1.2135417088314788,1.2527023015863235,0.032269671878482384
2021-04-07,1.2570653064682527,1.1771392997870445,-0.06358142752802695
2021-04-08,1.175953419137058,1.2193682539824517,0.03691883890881714
2021-04-09,1.2187397358790624,1.2016555009170253,-0.014017951871992082
2021-04-10,1.2011238135851472,1.2175985066621398,0.013716065646736659
2021-04-11,1.2201110835140745,1.2627979852018043,0.03498607812395748
2021-04-12,1.2673423334160043,1.3157584919019016,0.03820290477900791
2021-04-13,1.32083345514591,1.4128866068069972,0.06969323142327452
2021-04-14,1.4152625581077134,1.45533280520683,0.02831294226612817
2021-04-15,1.4610024408518112,1.4809616921325117,0.013661340133739713
2021-04-16,1.4851051654472527,1.4171910978428701,-0.04573014031900538
2021-04-17,1.4134055193438746,1.37936423469263,-0.024084584491397113
2021-04-18,1.3833347017199251,1.283718934240794,-0.07201132694443149
2021-04-19,1.2866599497515145,1.1976379203844807,-0.06918846691717277
2021-04-20,1.1999355008161707,1.2680396767889563,0.0567565306022387
2021-04-21,1.269254870798094,1.2073732370958328,-0.04875430075233879
2021-04-22,1.2118361262926465,1.1571577028804136,-0.04512031142322005
2021-04-23,1.1435792129846176,1.1583738521546958,0.012937135444658679
2021-04-24,1.1599892208516844,1.1032662138964966,-0.04889959832000922
2021-04-25,1.108726712064314,1.0917954502853995,-0.015270906342096357
2021-04-26,1.096990786169737,1.2354633315970285,0.1262294516718627
2021-04-27,1.2383518520471726,1.3089532530877266,0.0570123918528
2021-04-28,1.3091432382690855,1.3367148707607905,0.02106082183043584
2021-04-29,1.3409299991975077,1.3086927023233808,-0.024040999077818846
2021-04-30,1.3068489239625452,1.3547371895182774,0.03664407161198743
2021-05-01,1.3534438822501036,1.3552232355540346,0.0013146856897921738
2021-05-02,1.3541232812826425,1.3281618514186952,-0.01917213168313319
2021-05-03,1.3285771328852212,1.3618681384565017,0.025057638542207692
2021-05-04,1.3633420164644976,1.273874804098343,-0.0656234541924898
2021-05-05,1.26945552471448,1.4777546634057097,0.16408541664985016
2021-05-06,1.4819128550012208,1.6534601768209884,0.11576073535014061
2021-05-07,1.653405572946051,1.6556074680130803,0.0013317331833507288
2021-05-08,1.653878326333569,1.622202520236095,-0.019152440414220255
2021-05-09,1.6224006663593584,1.7725763598453117,0.0925638756195442
2021-05-10,1.7656727902087581,1.6476384591333781,-0.06684949313934016
2021-05-11,1.6419756422409721,1.7676675133047528,0.07654916908038667
2021-05-12,1.7641039280426933,1.53822277246171,-0.12804299791543622
2021-05-13,1.5678169886801163,1.9372559246094003,0.2356390692259944
2021-05-14,1.9463272567189094,2.0086723569265086,0.03203217752429757
2021-05-15,2.0041645637783874,2.1824677146546603,0.08896632247609632
2021-05-16,2.193663797597235,2.3110926389017226,0.053530920022069904
2021-05-17,2.3087778253642233,2.0361314275365925,-0.11809122334437668
2021-05-18,2.0432684577003957,2.0075759440708647,-0.017468342691347196
2021-05-19,2.010043072509549,1.4880655362802748,-0.2596847517190677
2021-05-20,1.5058534946211444,1.8132153059548626,0.20411136437349567
2021-05-21,1.804436299063908,1.5578844071768578,-0.13663651746251976
2021-05-22,1.5597808754740519,1.4627907028014637,-0.06218192195946157
2021-05-23,1.4560321081086856,1.3245778828412464,-0.09028250444160309
2021-05-24,1.3275788940121236,1.5514304508139745,0.16861638717782043
2021-05-25,1.5447656989397947,1.5574025334392614,0.008180421476305214
2021-05-26,1.5613085100152806,1.7818339439760973,0.14124398384189837
2021-05-27,1.7784329126886123,1.6455864152842823,-0.07469862734574245
2021-05-28,1.6446874331456738,1.5139272107704749,-0.07950460357388599
2021-05-29,1.5151599389618826,1.408357458505073,-0.07048924520139149
2021-05-30,1.4049801326549212,1.5792756563031836,0.12405550768814418
2021-05-31,1.568501072104076,1.7431638291377678,0.1113564792145085
2021-06-01,1.7273493505469801,1.734641951351299,0.0042218447600131095
2021-06-02,1.7425677026234563,1.752732435193263,0.005833192337091713
2021-06-03,1.7460563767104793,1.8393008198369272,0.053402882272402766
2021-06-04,1.8447428585406114,1.7098832707014953,-0.0731048163242678
2021-06-05,1.7146862730410846,1.6577785658359887,-0.03318840775704532
2021-06-06,1.6562329004563094,1.6773202515148293,0.01273211699436118
2021-06-07,1.6784662861135828,1.5628371772321197,-0.06888974168745292
2021-06-08,1.5722513752799652,1.5872506361656964,0.009539989038368855
2021-06-09,1.587139714368322,1.6239598428258424,0.02319904676581973
2021-06-10,1.625422521085563,1.5315939039918869,-0.05772567801694498
2021-06-11,1.5297131414775849,1.4358531930076468,-0.06135787548982981
2021-06-12,1.4316333684449367,1.478402802605695,0.032668583445746316
2021-06-13,1.4834691484732334,1.5594707393984837,0.05123233671793585
2021-06-14,1.5609540071852068,1.576626641270872,0.01004042016197961
2021-06-15,1.5768342715039119,1.5560936723319323,-0.01315331582195898
2021-06-16,1.552783781066755,1.4820400442616197,-0.04555929657929241
2021-06-17,1.4850906726878512,1.48144923701641,-0.0024519955167791553
2021-06-18,1.4802464390293135,1.413895024395399,-0.0448245730470564
2021-06-19,1.413707570449449,1.3879539393631706,-0.018217085077991645
2021-06-20,1.384318223988929,1.427169363355766,0.03095468846993945
2021-06-21,1.4296290478234668,1.1777991027227048,-0.1761505514204258
2021-06-22,1.1805365681479545,1.1519961952921816,-0.024175763484012652
2021-06-23,1.152966111791774,1.2497737483680678,0.0839639912970636
2021-06-24,1.251553896733704,1.3556877123244977,0.08320362060520226
2021-06-25,1.3628084792448807,1.2567626011248305,-0.07781421948505134
2021-06-26,1.2564669526735102,1.2488567560863346,-0.0060568219251469916
2021-06-27,1.2522834914459817,1.3342508012718763,0.06545427643643927
2021-06-28,1.3403513352809262,1.3250339806984182,-0.011427865350913878
2021-06-29,1.329644606083304,1.3685974500817755,0.029295680830995666
2021-06-30,1.37335740834273,1.3836699645445973,0.007509011229867532
2021-07-01,1.3838441872988139,1.3358595393511346,-0.03467489215049756
2021-07-02,1.3314949967623353,1.3945940849614546,0.047389654750901185
2021-07-03,1.3971012565902905,1.4062411370301364,0.006542031507546098
2021-07-04,1.4040850259352575,1.458930533335431,0.039061386160457776
2021-07-05,1.4550852021687424,1.403745345610562,-0.0352830586701456
2021-07-06,1.4046100777692605,1.4183607640434803,0.009789682198534455
2021-07-07,1.4151312892584638,1.4030501947569478,-0.008537083868625724
2021-07-08,1.4019488183058026,1.3291828906817613,-0.051903412359929055
2021-07-09,1.3278596960397562,1.349761823674987,0.016494308623533346
2021-07-10,1.3475450868590508,1.3362026325604155,-0.008417124153577005
2021-07-11,1.339187931468853,1.3476741827707932,0.006336863633942862
2021-07-12,1.3492778957661,1.314649740495714,-0.025664212968318608
2021-07-13,1.3127742482557205,1.2649659400911324,-0.03641776811825103
2021-07-14,1.2662848667084539,1.2625677580723746,-0.002935444254136405
2021-07-15,1.2639312342237174,1.2234035059347868,-0.03206482061013553
2021-07-16,1.2262146749734364,1.172568782853895,-0.0437491845550645
2021-07-17,1.171497463230997,1.171864889949587,0.0003136385097895644
2021-07-18,1.1711960936897086,1.1829819861763526,0.01006312482610327
2021-07-19,1.1803673633447334,1.1211546632405758,-0.05016463682659799
2021-07-20,1.1227047985276952,1.0562845757459252,-0.05916089685273719
2021-07-21,1.054129422542902,1.1680498670961326,0.10807064305103771
2021-07-22,1.169202382510108,1.1855512512358783,0.013982924573478533
2021-07-23,1.1845459827147686,1.2066682620708424,0.01867574554207974
2021-07-24,1.2112353949594021,1.2335542044714225,0.01842648390634955
2021-07-25,1.2349369462035915,1.2294921012447477,-0.0044090064481285265
2021-07-26,1.2283093449990803,1.2580531331926543,0.024215225842473997
2021-07-27,1.2561285770840498,1.279043746072146,0.018242693786404404
2021-07-28,1.2782003646860536,1.2836240746086969,0.004243239223277365
2021-07-29,1.2874205469735998,1.2837541939504782,-0.0028478285760936786
2021-07-30,1.2887054335862747,1.3092045455635462,0.01590674753362802
2021-07-31,1.3103660608713137,1.3224881574528722,0.00925092380177951
2021-08-01,1.3192048978281308,1.3177539980168531,-0.001099829005840068
2021-08-02,1.3104625925313893,1.3093058057587288,-0.0008827316241251683
2021-08-03,1.3070855382929942,1.3641944884220032,0.04369182311020835
2021-08-04,1.3717351312830994,1.3767430774800598,0.0036508113576386777
2021-08-05,1.37753538382926,1.3867601533286251,0.006696575353093353
2021-08-06,1.3872694199827167,1.4013039800831497,0.010116679498786814
2021-08-07,1.4024756924795938,1.4720953636254397,0.04964055457015264
2021-08-08,1.470739073446002,1.4274616069763781,-0.02942565901116841
2021-08-09,1.4282682032426979,1.476240488047039,0.03358772861807486
2021-08-10,1.4709756115734374,1.672998324625172,0.13733926753254594
2021-08-11,1.6768904130532374,1.7981275423562817,0.07229877895377729
2021-08-12,1.7907480351039486,1.8173209102608454,0.014838980490828392
2021-08-13,1.8407653733185443,2.1358898928586507,0.16032707036859017
2021-08-14,2.136120678950918,2.190193404390412,0.02531351621297439
2021-08-15,2.1938462925318882,2.1703380777770738,-0.010715524982237452
2021-08-16,2.1733748719306805,2.0791368562425356,-0.04336022142578196
2021-08-17,2.074492982159335,1.9263214623954326,-0.07142541384240839
2021-08-18,1.9273791673611935,2.1073540308504524,0.09337802677179778
2021-08-19,2.109497422786608,2.4281555862106234,0.15105880670054272
2021-08-20,2.4317521033083143,2.4574389906060388,0.010563119185865362
2021-08-21,2.457457882901624,2.43750662011988,-0.008118659090989954
2021-08-22,2.4435290007939834,2.716407245069326,0.11167383083510588
2021-08-23,2.6998059055225885,2.9158350548581904,0.08001654818729874
2021-08-24,2.9097905305258225,2.723790703464722,-0.06392206762302187
2021-08-25,2.7248495941087483,2.7390992117542745,0.005229506126259068
2021-08-26,2.7391427459358093,2.535308348702698,-0.07441539785962223
2021-08-27,2.524350380006062,2.9430753278352886,0.16587433786755912
2021-08-28,2.941407459246028,2.8457138534149053,-0.03253327094494145
2021-08-29,2.8523784369246634,2.8536158365584288,0.00043381327587775056
2021-08-30,2.8473525690651997,2.738139776547796,-0.03835590776637074
2021-08-31,2.73362309119635,2.772289043743094,0.014144580747531579
2021-09-01,2.7639167583415998,2.870089732080918,0.03841395491339766
2021-09-02,2.870993585866811,2.9637239932655435,0.03229906463574885
2021-09-03,2.9600835062890485,2.9689977364788183,0.0030114792946990985
2021-09-04,2.9643547206190997,2.8343068126377715,-0.043870562141823534
2021-09-05,2.8326755192602215,2.911426416651451,0.027800888896655607
2021-09-06,2.9156307018502297,2.835911129742198,-0.02734213631974799
2021-09-07,2.8378787733559934,2.5077768584119946,-0.11631994926746987
2021-09-08,2.525796130425067,2.4715398723621904,-0.021480854059961554
2021-09-09,2.467339089451164,2.5161925610362896,0.019800063880150504
2021-09-10,2.5194460711493516,2.3831251353938314,-0.05410750296128848
2021-09-11,2.3883653730628667,2.6320139434133374,0.10201478094535135
2021-09-12,2.6334745076362394,2.582276292862479,-0.01944131778200315
2021-09-13,2.584385463887261,2.4014011231221333,-0.07080381132073658
2021-09-14,2.40239807216158,2.394529230934513,-0.0032754110645729986
2021-09-15,2.399711010298074,2.499485975660422,0.04157790872908277
2021-09-16,2.5058302235543732,2.4204484649691937,-0.03407324158780018
2021-09-17,2.4176693191830156,2.3478277312977562,-0.028887982045807833
2021-09-18,2.351145478693433,2.372350318854163,0.009018940066828074
2021-09-19,2.370524881413434,2.281218913517844,-0.037673499483515595
2021-09-20,2.284279568879565,2.0636747400421984,-0.09657523178985172
2021-09-21,2.077172759431447,1.9866036450876479,-0.04360210961392991
2021-09-22,1.9793170595398757,2.263592268189454,0.14362287602152152
2021-09-23,2.2548239962276706,2.331990371364875,0.034222793116582106
2021-09-24,2.329692654171591,2.2799976937338133,-0.02133112294825378
2021-09-25,2.2789001587303477,2.299061310021264,0.008846877829939058
2021-09-26,2.296986832359706,2.2059746475424755,-0.039622423400543935
2021-09-27,2.2041987947832293,2.1348040247509332,-0.03148299064337375
2021-09-28,2.1335058249432466,2.0368830214014633,-0.0452882773565212
2021-09-29,2.0356998074021995,2.06564026207405,0.014707696372019779
2021-09-30,2.063733528463939,2.113981723458904,0.024348199174902795
2021-10-01,2.1154673387122473,2.25980119606527,0.06822788265825153
2021-10-02,2.2521928440389556,2.252107077028457,-3.8081557147988766e-5
2021-10-03,2.2509765059885973,2.253096958838252,0.000942014651869284
2021-10-04,2.2506452923140134,2.1919627994922806,-0.026073630092726938
2021-10-05,2.190978343190712,2.232926100845311,0.019145674253224557
2021-10-06,2.234406975028424,2.2114341741389265,-0.010281386133430487
2021-10-07,2.2103520282898543,2.2776469639556107,0.030445347530376133
2021-10-08,2.2795783961226657,2.2372636372615546,-0.018562537236308338
2021-10-09,2.238995405709649,2.2658751139776934,0.012005253873901896
2021-10-10,2.2697177639571686,2.1938736822204596,-0.033415644421127336
2021-10-11,2.187150293641653,2.171923020124735,-0.006962152331820134
2021-10-12,2.1699103654768237,2.1178914686636205,-0.023972832076762922
2021-10-13,2.116897781475977,2.189391686067473,0.034245349598765566
2021-10-14,2.1930221717776015,2.1712547751993028,-0.009925753081034609
2021-10-15,2.171210522684429,2.215993483428571,0.020625803106726664
2021-10-16,2.217641956590947,2.1772691100935155,-0.018205304232020478
2021-10-17,2.1775635714259343,2.1559610966691496,-0.009920479493803583
2021-10-18,2.1586961491782337,2.1284971836481996,-0.01398944707504581
2021-10-19,2.130276041157616,2.1120905137803097,-0.008536699951534894
2021-10-20,2.1109386837722237,2.1867338676524497,0.03590591449334798
2021-10-21,2.1886065720202477,2.137526752436302,-0.023338968381510068
2021-10-22,2.1362837911831702,2.1532942606420775,0.007962645004897084
2021-10-23,2.1549801675715736,2.1642585220100465,0.004305540523339759
2021-10-24,2.167597216276921,2.123778297204384,-0.020215434280636674
2021-10-25,2.123878413238512,2.145053981509691,0.00997023564964374
2021-10-26,2.1457853857181006,2.138398179673769,-0.003442658382100609
2021-10-27,2.138100662901572,1.9147182450495723,-0.1044770350283003
2021-10-28,1.9200480569925864,1.9882840298652436,0.035538679682599536
2021-10-29,1.9882660861395725,2.0119153393470706,0.011894410598440383
2021-10-30,2.0182921796173106,1.9583156378683246,-0.029716481268018444
2021-10-31,1.9577492698815289,1.9644935035644353,0.003444891430512224
2021-11-01,1.9669868628317884,1.9498852294186257,-0.008694330265400002
2021-11-02,1.9494775608634698,1.970601741613175,0.010835816309857254
2021-11-03,1.9709668099999598,2.0642156153301996,0.04731120019734971
2021-11-04,2.0644435677677797,1.9836359091569176,-0.039142585378701834
2021-11-05,1.9836144876875081,1.9845786010947417,0.0004860387001697741
2021-11-06,1.981936627254059,2.006070801598015,0.012177066618620053
2021-11-07,2.004407039728504,2.0213670542341777,0.008461362472549918
2021-11-08,2.0224644989613947,2.1247461350594463,0.05057277205635836
2021-11-09,2.125232269847888,2.2710179516544,0.0685975287853813
2021-11-10,2.268587260800707,2.1028867077175724,-0.07304129576424136
2021-11-11,2.0954820374585688,2.082241448212878,-0.006318636480295953
2021-11-12,2.0795698854416687,2.0469123214594647,-0.015703999279287516
2021-11-13,2.0473588761888384,2.051515935947024,0.0020304499648464524
2021-11-14,2.0523486371830977,2.0407509128155885,-0.005650952356431677
2021-11-15,2.0455813381881325,2.01541699909004,-0.014746096151234116
2021-11-16,2.0151069971287425,1.8775069249982121,-0.06828425107281749
2021-11-17,1.8774334544708808,1.8768267549373718,-0.00032315368199294705
2021-11-18,1.8758250466820323,1.7902417319803288,-0.045624358653854044
2021-11-19,1.791807757756852,1.8642883294073045,0.04045108708603326
2021-11-20,1.867576545472867,1.9224086074144007,0.02936000779965369
2021-11-21,1.9251359789293565,1.8382814964525398,-0.04511602475224627
2021-11-22,1.8383788237590237,1.7772218088160538,-0.03326681865161998
2021-11-23,1.7778024398796934,1.7496153723625696,-0.01585500553089089
2021-11-24,1.7495987404901925,1.666238879411359,-0.047645130937553286
2021-11-25,1.666192895078835,1.6764740082679266,0.006170421935813857
2021-11-26,1.6752056909824595,1.5277781810034599,-0.08800561672670638
2021-11-27,1.5300278729352608,1.543101068760391,0.00854441677591803
2021-11-28,1.544378408092619,1.5937526433898903,0.03197029629431998
2021-11-29,1.594210377271324,1.60284626055151,0.005417028645220053
2021-11-30,1.603106189439525,1.5551126615322426,-0.029937834576050083
2021-12-01,1.5549265664752336,1.5472687969538055,-0.0049248431961562535
2021-12-02,1.547649534419332,1.7175619955621835,0.10978742755646005
2021-12-03,1.7204746663741468,1.5569512653525173,-0.0950455151811393
2021-12-04,1.5566521573343997,1.4238024612887985,-0.08534321262438749
2021-12-05,1.4240209735764633,1.3820699235779292,-0.02945957312213806
2021-12-06,1.3832932572538954,1.4261621994912956,0.030990494613198197
2021-12-07,1.4245281558823901,1.3797610913272091,-0.03142588959742328
2021-12-08,1.37993201728918,1.3987560520688096,0.013641276920734559
2021-12-09,1.3973105548675995,1.2920873529879595,-0.07530409150141305
2021-12-10,1.2909558346290038,1.2103729169645177,-0.06242112665894888
2021-12-11,1.2102808016891808,1.3540337051367006,0.11877648827188271
2021-12-12,1.3538965393638047,1.3473499901480683,-0.004835339352305758
2021-12-13,1.3473023687373487,1.225277280812299,-0.09056993497265799
2021-12-14,1.224525024505021,1.267730913240317,0.03528379401863241
2021-12-15,1.2677528406666634,1.3111166567553827,0.03420526044013115
2021-12-16,1.3111102701783395,1.2380220204485732,-0.05574531097206999
2021-12-17,1.239914772161926,1.2178559396145365,-0.017790603872657646
2021-12-18,1.2178825610885322,1.242548081919685,0.02025279088412843
2021-12-19,1.2425521110452111,1.2438762979251956,0.0010656992718563719
2021-12-20,1.2441936917392749,1.2375405368049233,-0.005347362696439215
2021-12-21,1.2375225009438837,1.2802333247121798,0.03451316944598553
2021-12-22,1.280066037170544,1.3269310619986883,0.03661141180788981
2021-12-23,1.327673869012069,1.4749634026140033,0.11093803760070485
2021-12-24,1.4747575786974245,1.391135889231694,-0.05670198999051022
2021-12-25,1.3912476185809775,1.4538794619978603,0.04501847304562872
2021-12-26,1.4538834857247325,1.4551943743395728,0.0009016462651316571
2021-12-27,1.4554862106218083,1.514084697577589,0.04026042055784677
2021-12-28,1.5160213964605298,1.4007298520603675,-0.07604875806458579
2021-12-29,1.399441923385683,1.3304741771407604,-0.04928232111131001
2021-12-30,1.330081905968932,1.359272730190663,0.021946636587365904
2021-12-31,1.359164009970314,1.3061467662544868,-0.03900724513518066
2022-01-01,1.3079580682028709,1.3788139168094782,0.05417287474969513
2022-01-02,1.378763975899963,1.3780604571160584,-0.0005102532385540555
2022-01-03,1.3780590972500752,1.3180535517486698,-0.04354352118943729
2022-01-04,1.3181753624904544,1.3087215820131253,-0.007171868589220126
2022-01-05,1.3090064056053075,1.2304979315933862,-0.059975622484152474
2022-01-06,1.227821798086563,1.2823258569192022,0.044390854534084825
2022-01-07,1.279422093005556,1.2079555536657922,-0.05585845338333814
2022-01-08,1.2082481490006587,1.1830477741959633,-0.020856952957501822
2022-01-09,1.1830381053880286,1.1698850024091383,-0.011118072122094617
2022-01-10,1.1704782297949716,1.1246602177856209,-0.03914469388924605
2022-01-11,1.1244913142153594,1.187989582899146,0.056468438556232015
2022-01-12,1.187793693692864,1.305590746126553,0.09917299027532024
2022-01-13,1.312935011997026,1.2283833453192214,-0.06439897322046285
2022-01-14,1.2298699258505439,1.292170383711723,0.05065613570320776
2022-01-15,1.292170383711723,1.2940969315291129,0.0014909394625311047
2022-01-16,1.2932575885643087,1.410463405269513,0.0906283618527371
2022-01-17,1.411117022416762,1.5978910719052948,0.13235900816266294
2022-01-18,1.603020059927595,1.4582447830288916,-0.0903140768589275
2022-01-19,1.4593285554325435,1.3380299825595583,-0.08311944039019534
2022-01-20,1.3370554005418096,1.2569090524248332,-0.05994242877632372
2022-01-21,1.2585983528836615,1.1213210256271862,-0.10907159296843968
2022-01-22,1.1216176576155403,1.0654360188888656,-0.05008983083068778
2022-01-23,1.0707876654760526,1.1233120752503136,0.04905212440125521
2022-01-24,1.125175097656597,1.0651854129688896,-0.05331586595957202
2022-01-25,1.0657446861481332,1.0413325977561378,-0.022906131936933926
2022-01-26,1.04274364119516,1.0774658389505154,0.033298882279020996
2022-01-27,1.0780057648620842,1.0408789943265142,-0.03444023375915792
2022-01-28,1.0416905087364596,1.0489987936828271,0.007015792968328204
2022-01-29,1.049279318434308,1.0599513187446878,0.010170790677837872
2022-01-30,1.0604038028361813,1.0360186306721821,-0.02299611911875268
2022-01-31,1.0359521080426968,1.052379278145057,0.015857074834663226
2022-02-01,1.0522511574934026,1.0932690343508462,0.038981070788416596
2022-02-02,1.0961545665538641,1.0284076058507599,-0.06180420423379702
2022-02-03,1.0271972209299634,1.0592681571093434,0.031221790252065656
2022-02-04,1.059603440485001,1.1379425443997797,0.07393247409514016
2022-02-05,1.139479089075117,1.1270909560372453,-0.010871751098062512
2022-02-06,1.127561742513052,1.1445395535918341,0.015057101033725106
2022-02-07,1.1435761550019663,1.1989461184231731,0.04841825634350658
2022-02-08,1.1988089278870613,1.1766651083543263,-0.018471517034632214
2022-02-09,1.176608352989685,1.1943978081315045,0.01511926640382739
2022-02-10,1.1948325424930368,1.1512149954887092,-0.03650515486740839
2022-02-11,1.1514559140259084,1.0800669445861237,-0.06199887340035702
2022-02-12,1.0800462257251846,1.0580589857251863,-0.02035768421415039
2022-02-13,1.0582489426709871,1.0421284369804455,-0.015233188563225893
2022-02-14,1.0427390411752002,1.0502124709182712,0.0071671141560482625
2022-02-15,1.0500129334632784,1.1063991671677018,0.05370051349600389
2022-02-16,1.106546462335525,1.0836616693299368,-0.02068127619086737
2022-02-17,1.0822937929524423,1.0195027006831727,-0.05801667964664077
2022-02-18,1.0202227010725486,0.9961055702909052,-0.023639084639353145
2022-02-19,0.9958680645697894,0.9971633503414571,0.0013006600148657912
2022-02-20,0.9972808263813864,0.9293846450155429,-0.06808130625774032
2022-02-21,0.9305502997057248,0.8584679386510087,-0.07746207924226264
2022-02-22,0.8570283692441781,0.8880599867218972,0.036208390050245585
2022-02-23,0.8879084863263292,0.865513411326257,-0.025222278359710866
2022-02-24,0.8665905992220334,0.8532711842599293,-0.015369904744017953
2022-02-25,0.85245189392402,0.8992421471989103,0.054889024950727304
2022-02-26,0.899276688944247,0.8869760694826188,-0.013678347957700484
2022-02-27,0.886523174042914,0.8578231702146576,-0.032373664522916526
2022-02-28,0.8570154595209082,0.9639814380173022,0.12481219248505797
2022-03-01,0.963632549150297,0.9629936427779335,-0.0006630186713045149
2022-03-02,0.964013943916744,0.939484362359092,-0.02544525596589339
2022-03-03,0.9390194107142663,0.9017575865467558,-0.03968163356619785
2022-03-04,0.9022585004756493,0.8429054007354446,-0.06578281025772004
2022-03-05,0.8444305170508738,0.8648018646567962,0.024124362152457723
2022-03-06,0.8649389793390613,0.822366914755549,-0.04921973179662164
2022-03-07,0.8227221185974539,0.7957002216125642,-0.032844500438320164
2022-03-08,0.7936094040794129,0.8024864109711334,0.011185612022853699
2022-03-09,0.8020272773411163,0.8498188138362089,0.05958841780734849
2022-03-10,0.8495650477809525,0.8065967027499021,-0.05057687477054628
2022-03-11,0.8068398585834033,0.7885634561931011,-0.022651833812958586
2022-03-12,0.7885925873979875,0.7886282195324535,4.5184465382273116e-5
2022-03-13,0.7890953236810946,0.7900973746664004,0.001269873176578072
2022-03-14,0.7883414074867442,0.8038465939897407,0.019668111246912017
2022-03-15,0.8027194700199174,0.7995596331422086,-0.0039364148942723646
2022-03-16,0.7995965817768423,0.8388741134798828,0.04912168535758245
2022-03-17,0.8389527873676976,0.8371147363887532,-0.0021908872663877585
2022-03-18,0.83628040121145,0.8529772920993444,0.01996566087607337
2022-03-19,0.852732111267958,0.902580571066485,0.05845735036810748
2022-03-20,0.9028573173689263,0.8770988562237937,-0.028529935627256083
2022-03-21,0.8790342074859123,0.9179823411562662,0.04430787031797972
2022-03-22,0.9183081844281235,0.9759278099661778,0.06274541217765249
2022-03-23,0.9749513062512919,1.107535728801582,0.13599081482343964
2022-03-24,1.1085527608204082,1.1317592768170295,0.020934065402035344
2022-03-25,1.1310752264186423,1.0951357389127103,-0.03177462176386649
2022-03-26,1.0965196113932638,1.1530179632608093,0.05152516314391982
2022-03-27,1.1534025435467485,1.1838166893878599,0.02636906430567329
2022-03-28,1.1838710905372933,1.1709972174199532,-0.010874387608787188
2022-03-29,1.1695507086203252,1.1915342630903418,0.018796580864757734
2022-03-30,1.1909343188411772,1.1889331634914646,-0.0016803238583801721
2022-03-31,1.1887183216690107,1.1887183216690107,0.0
